<?xml version="1.0" encoding="UTF-8"?>
<project-private xmlns="http://www.netbeans.org/ns/project-private/1">
    <editor-bookmarks xmlns="http://www.netbeans.org/ns/editor-bookmarks/2" lastBookmarkId="0"/>
    <open-files xmlns="http://www.netbeans.org/ns/projectui-open-files/2">
        <group>
            <file>file:/C:/Users/Johnny%20Lin/Desktop/学习/semester2/DatabaseJava/HumberInventory/src/humberinventory/business/validate.java</file>
            <file>file:/C:/Users/Johnny%20Lin/Desktop/学习/semester2/DatabaseJava/HumberInventory/src/humberinventory/presentation/InventoryUpdate.java</file>
            <file>file:/C:/Users/Johnny%20Lin/Desktop/学习/semester2/DatabaseJava/HumberInventory/src/humberinventory/presentation/InventoryView.java</file>
            <file>file:/C:/Users/Johnny%20Lin/Desktop/学习/semester2/DatabaseJava/HumberInventory/src/humberinventory/presentation/InventoryAdd.java</file>
            <file>file:/C:/Users/Johnny%20Lin/Desktop/学习/semester2/DatabaseJava/HumberInventory/src/humberinventory/business/BCommunicator.java</file>
        </group>
    </open-files>
</project-private>
